message,frequency,criticality,recommendation
initializing getorganization dictionary.,379,низкая,"Это информационное сообщение, которое можно оставить без изменений, если инициализация проходит корректно."
initializing organization dictionary.,379,низкая,"Сообщение информационного уровня, отражающее нормальное поведение приложения во время запуска."
organizations dictionary initialized.,379,низкая,Информационное сообщение после успешного завершения инициализации словаря организаций.
произошла ошибка:,331,высокая,"Необходимо детально проанализировать ошибку и устранить её причину, чтобы избежать сбоев и потери данных."
"sql error: 0, sqlstate: <num>",66,средняя,"Провести расследование SQL-ошибок, проверить корректность запросов и настройки БД."
"error: duplicate key value violates unique constraint ""pk_t_interaction""",66,высокая,"Проверить уникальные ключи таблицы t_interaction, исправить дублирующиеся данные или изменить структуру базы данных."
hhh000010: on release of batch it still contained jdbc statements,66,низкая,"Сообщение информационного характера, свидетельствующее о нормальном поведении JDBC-библиотеки, можно игнорировать."
rquid [b@<num>],45,низкая,"Сообщение информационного уровня, не влияющее на работу системы."
"увск синхронизация с идентификатором <uuid>, не найдено",29,средняя,"Убедиться, что UUID существует и доступен, либо скорректировать механизм синхронизации."
rquid 46f853ba8e64428ea8298a23e3583e09,26,низкая,"Простое информационное сообщение, не несущее угрозы стабильности работы приложения."
